date,d18o,t2m,precip,RH
1/1/1958,-6.104122639,285.0767822,0.003638091,77.98654175
2/1/1958,-1.918849945,286.7264404,0.002573919,76.99878693
3/1/1958,-2.13261795,284.6249695,0.00362861,80.07269287
4/1/1958,-6.08744812,283.1138,0.002133082,70.58032227
5/1/1958,-5.829146862,280.8703918,0.012530674,89.58283234
6/1/1958,-6.193226337,278.5231323,0.004190322,85.77798462
7/1/1958,-6.161756992,277.539917,0.004870538,89.19365692
8/1/1958,-7.291702271,278.452179,0.007039172,88.93881226
9/1/1958,-4.418133259,279.4596252,0.00363098,84.58279419
10/1/1958,-4.760391235,280.778656,0.007397056,82.18451691
11/1/1958,-2.022260189,284.7461548,0.004768624,74.14613342
12/1/1958,-4.202548981,283.994873,0.00440126,84.24103546
1/1/1959,1.605665445,289.2104492,0.001343842,65.23259735
2/1/1959,-2.412599325,286.1690369,0.003389231,80.52706146
3/1/1959,-6.783455372,285.4264221,0.00156426,74.93634033
4/1/1959,-5.106832027,283.3284302,0.004308827,71.16112518
5/1/1959,-2.441883087,280.6678772,0.003429523,85.43424988
6/1/1959,-3.113555193,279.9062195,0.004323047,81.38640594
7/1/1959,-4.697740078,278.9108887,0.005045925,89.37935638
8/1/1959,-4.675407887,278.8243408,0.00568822,83.31056213
9/1/1959,-2.622879982,279.0216675,0.004097888,82.70012665
10/1/1959,-2.977182388,281.8570862,0.003763705,70.3057251
11/1/1959,-2.775552988,285.1235046,0.003386861,74.38516998
12/1/1959,-6.38424921,285.6756897,0.005467801,77.47686005
1/1/1960,-2.43106246,288.2289429,0.004711742,69.64392853
2/1/1960,-6.362633705,285.78302,0.003495885,76.38637543
3/1/1960,-0.527090192,285.5579834,0.002694794,76.42192841
4/1/1960,-6.118057728,282.1375122,0.005199981,83.29278564
5/1/1960,-5.636207104,280.2454834,0.006124317,85.17150116
6/1/1960,-8.813203812,278.0973206,0.00388695,81.50888824
7/1/1960,-7.513394833,278.6546936,0.005621857,85.4421463
8/1/1960,-5.936086655,277.9969177,0.003910651,82.16081238
9/1/1960,-5.373799324,280.1814575,0.004360969,81.16317749
10/1/1960,-1.97007513,281.8951721,0.005275824,80.36704254
11/1/1960,-3.227190256,281.5541382,0.006761871,84.64996338
12/1/1960,-0.842239559,287.9190979,0.001417315,66.34086609
1/1/1961,-2.007616043,289.7747498,0.002088051,62.28314972
2/1/1961,-1.928160548,288.1874084,0.002476746,69.24092102
3/1/1961,-5.96792984,285.5095215,0.003529066,77.89566803
4/1/1961,-3.019081354,284.2285767,0.004628789,78.22360229
5/1/1961,-6.577598572,281.363739,0.004571907,87.71399689
6/1/1961,-4.98281908,279.894104,0.006287853,82.84236908
7/1/1961,-9.309102058,278.7637329,0.004593238,87.04034424
8/1/1961,-2.777168036,279.3713379,0.002448305,79.4306488
9/1/1961,-3.458856821,281.1283264,0.003730524,70.09039307
10/1/1961,-3.25454402,283.1449585,0.005036445,79.93637848
11/1/1961,-4.421117783,284.1541443,0.002818039,77.60921478
12/1/1961,-6.054720879,286.5654297,0.004417851,78.03395844
1/1/1962,-1.649999976,287.9121704,0.001874742,72.07381439
2/1/1962,-2.973385811,286.2330933,0.004019675,74.71311188
3/1/1962,-5.7340312,285.7328186,0.004029156,79.27458191
4/1/1962,-5.375425339,282.8074036,0.003002906,73.62064362
5/1/1962,-6.277234554,280.3978271,0.004555316,86.47336578
6/1/1962,-4.588263512,280.6176758,0.012196491,90.75036621
7/1/1962,-4.021266937,278.6875916,0.004548206,83.37180328
8/1/1962,-4.462053776,278.8503113,0.006382657,85.6871109
9/1/1962,-3.168138504,279.9217834,0.006773722,82.5164032
10/1/1962,-3.016059875,280.4584045,0.007420757,81.25602722
11/1/1962,-1.974363089,283.2557373,0.006276003,78.49030304
12/1/1962,-5.030578613,286.3092651,0.002147303,73.69374084
1/1/1963,-1.143107772,288.0143127,0.002633172,69.86914063
2/1/1963,-3.853905201,285.5181885,0.003190143,80.21295166
3/1/1963,-6.69234848,285.0006104,0.002964985,80.05095673
4/1/1963,-3.418386698,281.8518982,0.003348939,79.77833557
5/1/1963,-7.223815918,279.869873,0.001692245,80.93401337
6/1/1963,-8.740199089,279.0787964,0.003412932,78.30262756
7/1/1963,-4.927846432,277.3114319,0.00491794,84.05731201
8/1/1963,-5.999569416,278.9299316,0.00570007,76.93359375
9/1/1963,-3.377889872,280.3822632,0.005828055,78.66809845
10/1/1963,1.939540505,284.4830322,0.001943475,70.66132355
11/1/1963,-2.343513966,283.0895691,0.004474733,76.58589935
12/1/1963,-4.436124325,285.5198975,0.003296797,73.85968781
1/1/1964,-5.022840023,284.7132568,0.006309184,83.72740173
2/1/1964,-1.739040375,285.7432251,0.00750134,80.16751099
3/1/1964,-2.852504492,283.8806458,0.003929612,76.99681091
4/1/1964,-6.202498436,283.4998169,0.00285833,85.40066528
5/1/1964,-4.885519505,280.8842468,0.006754761,85.87083435
6/1/1964,-5.79936552,278.985321,0.005408549,78.95454407
7/1/1964,-6.582441807,278.4590759,0.007949287,91.74207306
8/1/1964,-6.354109764,278.8260498,0.009257578,91.3963623
9/1/1964,-5.869894981,280.2143555,0.009373712,87.82462311
10/1/1964,-2.821252823,280.9050293,0.00544647,82.78902435
11/1/1964,-1.868556142,282.6031494,0.006598335,81.97116089
12/1/1964,-4.768555641,282.8004761,0.007548742,86.8783493
1/1/1965,-3.141357899,285.2187195,0.002628432,76.90396118
2/1/1965,-2.66565156,287.257843,0.002038279,67.0283432
3/1/1965,-2.239714622,284.3289795,0.004972452,78.3816452
4/1/1965,-3.097731113,281.7341614,0.002886772,78.87355042
5/1/1965,-4.362875462,280.808075,0.00801328,85.35917664
6/1/1965,-5.735379219,279.9685364,0.005261603,80.43618774
7/1/1965,-5.842155457,277.9951782,0.00439889,83.82419586
8/1/1965,-5.299483299,279.4284668,0.003223325,79.95218658
9/1/1965,-3.328482628,280.4411011,0.006550933,83.39550781
10/1/1965,-2.269398928,281.9297791,0.003673642,73.63052368
11/1/1965,-3.339347839,282.525238,0.004240094,78.01617432
12/1/1965,-3.992544174,286.686615,0.003815847,72.95489502
1/1/1966,-5.059114933,286.9289551,0.003604909,71.20063782
2/1/1966,-3.247702837,286.7212219,0.001569001,75.34329987
3/1/1966,-3.936715364,286.4234924,0.003017127,75.10228729
4/1/1966,-5.714223862,282.2655945,0.006408728,84.50772858
5/1/1966,-6.584972382,281.0123291,0.006079285,87.60929108
6/1/1966,-4.451137066,278.8018188,0.002810929,82.03042603
7/1/1966,-5.863291264,277.8739929,0.007074723,87.8423996
8/1/1966,-4.786984921,278.9939575,0.003590689,82.17661285
9/1/1966,-5.200923443,280.5795898,0.003995975,78.72538757
10/1/1966,-2.371607065,282.0319214,0.003967533,74.74472046
11/1/1966,-4.607085705,284.1195068,0.004104999,75.97941589
12/1/1966,-2.07688427,284.8690491,0.003481665,77.13509369
1/1/1967,-4.95752573,285.230835,0.003007646,75.05882263
2/1/1967,-2.821140766,287.2232361,0.003173553,68.39935303
3/1/1967,-2.638192177,284.9088745,0.003325239,77.46302795
4/1/1967,-2.999769926,283.2349548,0.003235175,77.93715668
5/1/1967,-2.573416233,280.7163391,0.0028607,76.09992218
6/1/1967,-2.548272133,280.2489624,0.00232032,73.07540131
7/1/1967,-4.639507771,278.8035583,0.002946024,77.78899384
8/1/1967,-5.691431999,278.2790527,0.003856139,83.08535767
9/1/1967,-1.535940409,279.605011,0.006114836,83.84197998
10/1/1967,-0.932431519,282.0578613,0.005756952,80.17541504
11/1/1967,-4.079181671,282.6672058,0.005617117,78.94269562
12/1/1967,-3.36646986,284.1004639,0.005906268,77.61316681
1/1/1968,-2.841974258,287.1349487,0.002573919,71.3013916
2/1/1968,-2.338055134,287.6213684,0.003908281,74.24886322
3/1/1968,-5.135926723,285.9630432,0.002647392,77.51834106
4/1/1968,-5.886724472,283.4686584,0.006539083,85.00358582
5/1/1968,-5.954277992,279.7192688,0.009857211,92.65081787
6/1/1968,-2.964894056,278.5283203,0.006638627,89.41294098
7/1/1968,-4.43910408,278.452179,0.005218942,90.52713013
8/1/1968,-5.658950806,278.434845,0.00904427,89.66580963
9/1/1968,-1.180533767,279.4336548,0.007416017,89.44850159
10/1/1968,-3.152106047,280.8461609,0.009222027,83.01226044
11/1/1968,-3.766875505,281.2287292,0.011850458,91.34499359
12/1/1968,-3.076727152,285.0854187,0.002910472,73.19590759
1/1/1969,-1.445520878,286.7662354,0.004733073,74.26071167
2/1/1969,-4.088497639,288.4401245,0.006230971,78.43893433
3/1/1969,-4.001726151,285.6878052,0.00336079,79.51164246
4/1/1969,-2.419002771,282.9787903,0.006814013,87.36037445
5/1/1969,-8.151073456,280.8409729,0.003941462,83.3006897
6/1/1969,-5.033709526,277.9813232,0.003894061,82.86804962
7/1/1969,-4.969295025,279.3973083,0.007657766,89.6993866
8/1/1969,-2.601593494,279.5409851,0.004993783,83.84197998
9/1/1969,-5.661902428,277.8774719,0.006745281,90.55281067
10/1/1969,-0.275474191,281.9107361,0.002258697,74.60643005
11/1/1969,-3.241325617,284.0693054,0.003566988,77.4353714
12/1/1969,-3.772318602,283.2539978,0.009120112,83.31649017
1/1/1970,-5.232860565,287.4984741,0.003263616,75.22081757
2/1/1970,-2.066458464,286.0374756,0.001237188,72.59337616
3/1/1970,-2.184289694,285.3139038,0.002199445,70.94184113
4/1/1970,-5.03726387,283.7923584,0.007830783,81.44172668
5/1/1970,-3.005154133,279.9979553,0.003948573,83.79456329
6/1/1970,-6.115961552,279.3782654,0.003894061,82.6053009
7/1/1970,-6.375740528,278.7308655,0.008937616,94.23123169
8/1/1970,-4.844751358,277.9778748,0.008053571,84.15016174
9/1/1970,-3.782584667,278.5646667,0.006588855,83.7570343
10/1/1970,-1.998633623,280.484375,0.00750371,83.53577423
11/1/1970,-1.55967176,284.5522766,0.003453224,73.76288605
12/1/1970,-5.241494656,285.0542603,0.006624406,79.87513733
1/1/1971,-6.512594223,288.447052,0.003517216,77.60527039
2/1/1971,-3.125220537,289.5272217,0.002697164,72.02640533
3/1/1971,-1.389216423,286.7247009,0.001265629,74.32392883
4/1/1971,-3.949342489,284.308197,0.003865619,77.09360504
5/1/1971,-8.821410179,280.165863,0.004742553,80.49347687
6/1/1971,-4.921667099,278.8329773,0.00621675,87.41371155
7/1/1971,-2.939373255,278.720459,0.004462882,84.95616913
8/1/1971,-6.440843105,278.2686768,0.006844825,87.31098938
9/1/1971,-3.156438589,279.5877075,0.0074966,89.60851288
10/1/1971,-4.984296322,280.217804,0.009340531,87.1035614
11/1/1971,-3.23900795,283.1224365,0.006176459,81.73014832
12/1/1971,-1.968099833,285.2758484,0.006432428,82.89768219
1/1/1972,-7.711833954,287.4586487,0.003232805,74.91658783
2/1/1972,-4.207849503,289.2156372,0.002249217,66.07614136
3/1/1972,-4.343433857,284.9417419,0.002163894,74.69137573
4/1/1972,-5.175245762,283.0185852,0.00646324,80.21690369
5/1/1972,-4.693231583,281.2581482,0.002621321,78.0141983
6/1/1972,-6.612229347,278.8658752,0.00415003,79.26865387
7/1/1972,-5.685281277,278.138855,0.009335791,89.71914673
8/1/1972,-5.109136105,279.303833,0.00467382,85.22089386
9/1/1972,-3.303708315,280.8253784,0.007615104,86.86254883
10/1/1972,-4.58332777,281.8709106,0.003448483,76.99088287
11/1/1972,0.557238996,283.5050049,0.003713934,73.64237976
12/1/1972,-4.256463051,284.7271118,0.005451211,82.00276947
1/1/1973,-4.235275269,287.3824768,0.004688041,74.25479126
2/1/1973,-3.408913136,287.8308105,0.004360969,82.16871643
3/1/1973,-3.122546911,283.5067444,0.005913379,85.09050751
4/1/1973,-4.457343578,283.5361633,0.006041363,83.82814789
5/1/1973,-4.852801323,281.6130066,0.007802342,91.47933197
6/1/1973,-2.371859074,277.5797424,0.003993604,85.24262238
7/1/1973,-4.119051456,279.2155457,0.003754225,83.03201294
8/1/1973,-3.035107613,278.5231323,0.004557686,84.22325134
9/1/1973,-4.655711651,280.3043518,0.009245727,83.87161255
10/1/1973,-4.493294716,282.838562,0.003811107,81.24021912
11/1/1973,-6.343201637,282.9407043,0.004256684,79.98971558
12/1/1973,-3.573983431,286.5083313,0.006302074,75.89842224
1/1/1974,-2.330678701,289.1481323,0.001486047,67.50641632
2/1/1974,-0.94238162,286.6554565,0.002763527,78.61870575
3/1/1974,-1.78874886,287.280365,0.002225516,75.53887177
4/1/1974,-3.31738472,283.0082092,0.003010016,83.53775024
5/1/1974,-3.202388525,280.6436462,0.001604552,78.09914398
6/1/1974,-4.789361,279.4457703,0.00335605,85.45400238
7/1/1974,-5.410862446,278.3587036,0.007596144,87.66460419
8/1/1974,-7.745001793,278.3708191,0.005522314,82.43936157
9/1/1974,-2.411845922,279.1497498,0.006686029,90.14388275
10/1/1974,-0.886369228,281.4779968,0.00542751,78.90318298
11/1/1974,-3.573541164,282.4438782,0.003979384,78.32633209
12/1/1974,-4.333368301,284.1073914,0.008885473,82.4828186
1/1/1975,-3.977632284,285.1286926,0.004339638,77.90357208
2/1/1975,-2.389496326,287.5157776,0.000737099,68.49022675
3/1/1975,-4.043969631,284.4328308,0.006588855,83.37180328
4/1/1975,-5.001421452,282.2275085,0.003486405,81.61359406
5/1/1975,-3.40454793,280.792511,0.008456487,86.43781281
6/1/1975,-5.338121891,278.4469604,0.003834808,85.91627502
7/1/1975,-5.164957523,278.7793274,0.007577183,89.24501801
8/1/1975,-5.668243408,278.3275452,0.00568111,88.32640839
9/1/1975,-4.980584145,280.8876953,0.006261782,83.79653931
10/1/1975,-5.285043716,281.5385742,0.004699892,82.22007751
11/1/1975,-6.855626106,284.4795532,0.007280922,80.21097565
12/1/1975,-5.20425415,286.395813,0.002372462,73.30851746
1/1/1976,-2.722167492,286.5256348,0.003597799,73.12677002
2/1/1976,-10.31851196,287.7857971,0.001533449,74.86917114
3/1/1976,-2.808125734,285.5130005,0.00206198,76.2105484
4/1/1976,-6.985312462,282.8177795,0.004775735,84.66379547
5/1/1976,-3.587854385,280.3476257,0.00697044,86.66104126
6/1/1976,-3.939021349,278.3656006,0.004225873,85.78786469
7/1/1976,-3.826891899,278.4262085,0.005261603,88.63655853
8/1/1976,-6.470874786,278.5456543,0.00518339,81.29553223
9/1/1976,-4.808267117,280.2731934,0.003024237,80.68904877
10/1/1976,-2.303075314,281.1923523,0.003012386,80.80757904
11/1/1976,-7.475369453,283.7594604,0.005211832,79.77240753
12/1/1976,-4.241997719,284.4259033,0.011727213,82.9727478
1/1/1977,-3.911386013,286.9064636,0.004742553,76.26389313
2/1/1977,-0.579496145,287.1124573,0.002308469,66.31912994
3/1/1977,-4.818193436,285.6081848,0.006247561,82.57566833
4/1/1977,-4.274894714,281.7341614,0.004567166,90.30390167
5/1/1977,-6.532967567,280.0274048,0.005245013,84.02372742
6/1/1977,-4.309548855,278.4971619,0.003683122,88.61878204
7/1/1977,-4.905538559,278.0228577,0.00438704,88.43308258
8/1/1977,-5.213647842,279.5115356,0.004844467,84.39117432
9/1/1977,-4.917658329,278.985321,0.002668723,82.10154724
10/1/1977,-0.183431402,282.1773071,0.005114658,76.07621765
11/1/1977,-3.282827854,282.828186,0.007399426,84.28844452
12/1/1977,-4.06180048,284.5868835,0.005060146,77.72577667
1/1/1978,-3.908986807,285.8367004,0.002386682,80.00354767
2/1/1978,-3.349408865,286.0201721,0.003756595,79.3950882
3/1/1978,-1.917563677,285.473175,0.002488596,74.66371918
4/1/1978,-4.995051384,282.6793213,0.004752034,86.43583679
5/1/1978,-3.202996016,281.8916931,0.004294606,80.74239349
6/1/1978,-7.940612316,278.0367126,0.001196896,75.73445129
7/1/1978,-5.121335983,277.9155579,0.007243,91.5030365
8/1/1978,-3.518153191,278.1371155,0.006138537,90.20117188
9/1/1978,-5.368703365,280.6488342,0.004313567,81.43777466
10/1/1978,-1.43972218,281.7376404,0.006420578,80.05490875
11/1/1978,-2.799748898,283.8287048,0.006110096,78.80045319
12/1/1978,-2.016923904,285.2983398,0.004280386,81.0071106
1/1/1979,-0.954930604,287.6903687,0.003222648,73.7272644
2/1/1979,-0.260504991,287.2919006,0.004064261,75.28305817
3/1/1979,-2.642228127,285.9924316,0.003880379,82.46730804
4/1/1979,-4.716004848,282.0075989,0.005266565,84.7060318
5/1/1979,-5.969839096,279.7824402,0.003550335,86.15823364
6/1/1979,-8.03627491,280.6587524,0.003911026,83.42840576
7/1/1979,-4.746353149,278.8408813,0.004910589,88.42956543
8/1/1979,-5.637730598,278.4459229,0.006313278,89.29666901
9/1/1979,-4.547000885,279.9728699,0.007553302,88.50821686
10/1/1979,-3.900083542,282.1697998,0.006897928,83.12530518
11/1/1979,-6.922870159,283.8642273,0.004792716,81.03429413
12/1/1979,-2.827766418,284.6188965,0.008156812,81.67118835
1/1/1980,-3.426091909,285.6433105,0.005136905,80.9364624
2/1/1980,-1.109730482,285.2941895,0.004901159,75.52668762
3/1/1980,-2.417534828,283.8007507,0.004222211,85.06860352
4/1/1980,-2.891597986,284.3208923,0.004849295,77.61961365
5/1/1980,-5.484779835,282.8274841,0.004672486,83.17134857
6/1/1980,-7.207307816,280.0874634,0.004137342,89.17388916
7/1/1980,-4.417469501,278.5940247,0.004971883,89.26213837
8/1/1980,-3.22840786,280.1051025,0.009354401,91.17665863
9/1/1980,-2.869587421,280.831543,0.012980174,93.16983032
10/1/1980,-3.760156155,282.0269775,0.005815854,81.26065826
11/1/1980,-4.367416382,284.2327576,0.003415959,73.16519165
12/1/1980,-2.102988243,286.7752686,0.002022701,68.89875793
1/1/1981,-2.40617466,289.1009216,0.00282188,71.35617828
2/1/1981,-2.520556211,289.0216064,0.001275386,74.77277374
3/1/1981,-2.508542538,285.0350037,0.005384439,81.87645721
4/1/1981,-4.595373631,283.5944824,0.006956865,84.18424225
5/1/1981,-4.910932064,281.5932312,0.003260367,83.47828674
6/1/1981,-5.249638081,279.200592,0.005344362,85.76304626
7/1/1981,-4.281077862,278.5499573,0.005398583,87.66797638
8/1/1981,-5.420071602,278.8514709,0.00662682,88.29336548
9/1/1981,-3.780197859,281.173584,0.005978519,88.20128632
10/1/1981,-2.898382902,282.3514099,0.005705053,83.09461212
11/1/1981,-0.919796407,283.7302246,0.004615907,76.82733154
12/1/1981,-2.057782412,285.2783203,0.003797868,79.38834381
1/1/1982,-0.573289216,287.1138,0.003448964,73.78289795
2/1/1982,-3.551101208,287.0503235,0.003092987,75.97558594
3/1/1982,-3.225266457,286.4473267,0.003953461,75.86240387
4/1/1982,-3.089963198,282.8063049,0.0030812,83.87154388
5/1/1982,-4.019163132,281.1154175,0.007866844,92.7458725
6/1/1982,-5.542115688,278.4794312,0.002352745,86.11027527
7/1/1982,-4.794068336,277.4938049,0.002640355,82.59200287
8/1/1982,-3.311796427,280.7010498,0.00386152,83.14832306
9/1/1982,-2.822028637,279.4826965,0.007833839,82.76081848
10/1/1982,-2.870293617,281.1524353,0.005219416,83.49555206
11/1/1982,-4.562935829,284.0722961,0.00574513,71.64776611
12/1/1982,-4.661746025,285.3206482,0.003500828,73.56612396
1/1/1983,-2.325657606,284.4178772,0.00571684,80.29189301
2/1/1983,-1.914150953,288.2228699,0.002147646,71.55952454
3/1/1983,-7.982487679,285.8090515,0.003031694,81.51772308
4/1/1983,-7.473284245,282.1786194,0.004573472,79.41903687
5/1/1983,-5.212375641,281.8771057,0.003816728,85.54051971
6/1/1983,-6.508508682,278.3683472,0.00632035,84.10942078
7/1/1983,-3.982250452,278.5464478,0.003052911,86.55725098
8/1/1983,-4.928729057,280.5053406,0.005450448,87.57205963
9/1/1983,-4.442949772,279.7612915,0.00765703,87.41475677
10/1/1983,-4.375622272,281.6849365,0.00263564,82.31000519
11/1/1983,-3.863751411,283.4040527,0.006589101,83.6164093
12/1/1983,-4.97977066,285.9324646,0.002315026,76.47819519
1/1/1984,-5.371911526,285.5145874,0.00486344,81.28943634
2/1/1984,-5.038412571,286.1810913,0.002109927,77.27815247
3/1/1984,-5.790364742,284.622406,0.003736574,80.27270508
4/1/1984,-4.336819172,282.644104,0.004007682,78.82242584
5/1/1984,-4.102365017,281.510376,0.003790796,82.4577179
6/1/1984,-3.838015079,280.3060913,0.004790359,85.46762085
7/1/1984,-6.382808208,277.9487,0.003701212,85.43884277
8/1/1984,-5.155246735,279.311676,0.008255824,91.83657074
9/1/1984,-6.490910053,279.2746277,0.006947435,88.49478912
10/1/1984,-1.772644877,281.8365479,0.006558454,81.0822525
11/1/1984,-2.880657673,284.276825,0.004212781,78.39271545
12/1/1984,-4.285834789,284.2539063,0.00762874,81.19159698
1/1/1985,-2.555013418,285.1778259,0.006867281,82.65914154
2/1/1985,-3.245269537,285.3470764,0.001973194,77.71361542
3/1/1985,-2.672254801,286.9269104,0.002432899,75.82211304
4/1/1985,-6.398172379,284.5166321,0.001388544,73.1747818
5/1/1985,-5.876960754,281.6972656,0.005118045,81.63858032
6/1/1985,-4.449135303,278.3154602,0.005450448,87.34377289
7/1/1985,-4.576280594,278.2766724,0.005292498,89.07797241
8/1/1985,-3.64636755,279.3469238,0.004950666,86.14672089
9/1/1985,-7.768041611,280.2479248,0.003050553,81.03237915
10/1/1985,-2.460798979,282.5171509,0.004450885,78.63442993
11/1/1985,-3.361528158,284.8851318,0.003613986,75.59383392
12/1/1985,-3.662872791,286.3627014,0.007468433,85.63643646
1/1/1986,-3.297095537,285.4740295,0.004691345,79.57633972
2/1/1986,-4.918622494,285.2554016,0.00501196,78.5557785
3/1/1986,-3.317949533,285.6521301,0.002788875,77.91696167
4/1/1986,-4.154580116,283.0390625,0.008154454,86.37500763
5/1/1986,-5.509011745,281.3728333,0.003755434,85.29305267
6/1/1986,-6.540503502,278.1655884,0.005353792,89.69184875
7/1/1986,-6.872947216,278.6504517,0.005987948,92.82644653
8/1/1986,-5.287041664,279.0066223,0.003786081,83.77562714
9/1/1986,-3.705252886,280.2267761,0.00648773,87.36103821
10/1/1986,-3.605389357,280.9020691,0.008963062,85.34101105
11/1/1986,-2.897530317,283.4604797,0.001935475,78.08961487
12/1/1986,-1.620336175,284.4654846,0.00792578,80.2036438
1/1/1987,-3.901562214,284.680603,0.00681306,85.74002838
2/1/1987,-3.922392845,285.5586853,0.005275995,73.59490204
3/1/1987,-4.725138664,283.2964783,0.005066182,81.92825317
4/1/1987,-3.15134716,283.546875,0.002880816,78.2085495
5/1/1987,-6.002099514,281.2952576,0.005544746,81.87453461
6/1/1987,-3.688650608,279.4015808,0.00386152,78.89532471
7/1/1987,-4.682168961,278.239624,0.003338163,81.32012939
8/1/1987,-3.988579988,279.2781677,0.003913383,84.74823761
9/1/1987,-3.824005127,280.944397,0.006249626,83.57420349
10/1/1987,-3.465251446,281.9300232,0.005273638,81.57527161
11/1/1987,-0.408243924,283.8659973,0.005820569,81.25682831
12/1/1987,-2.954962969,284.955658,0.00385209,77.93231201
1/1/1988,-2.827886343,287.8719788,0.00203213,72.51486206
2/1/1988,-4.478309631,285.9448242,0.002159433,76.6259079
3/1/1988,-4.992290974,285.8390198,0.001294245,67.63839722
4/1/1988,-3.497240305,284.1904297,0.001963764,76.76403046
5/1/1988,-4.91911459,282.7745972,0.004153844,84.93239594
6/1/1988,-4.707466602,280.9373169,0.004960096,86.02586365
7/1/1988,-4.111684799,279.9675598,0.00629206,86.96585846
8/1/1988,-3.295593977,279.9446411,0.005129833,85.69207001
9/1/1988,-3.7172575,281.8965149,0.005620184,82.87783813
10/1/1988,-3.091558218,281.0607605,0.015229192,91.28791809
11/1/1988,-3.33391428,284.8163757,0.004719635,75.31758881
12/1/1988,-2.934466124,286.7029724,0.003104775,76.74868011
1/1/1989,-3.437667131,287.5969238,0.00577342,69.88863373
2/1/1989,-2.862662554,288.4168091,0.002463546,76.05998993
3/1/1989,-4.097218037,286.7417908,0.002383392,76.97696686
4/1/1989,-4.979474545,284.7617188,0.003456036,79.35381317
5/1/1989,-6.434304237,281.4398499,0.003724787,84.58325958
6/1/1989,-6.733392715,278.5834656,0.002963327,80.97866058
7/1/1989,-6.780092716,278.6187134,0.00438016,83.70656586
8/1/1989,-5.776509285,278.9995728,0.004078406,85.98749542
9/1/1989,-3.297932625,281.06604,0.007147819,82.52677917
10/1/1989,-2.596148729,281.4098816,0.008385485,86.00476074
11/1/1989,-0.353090167,284.6506348,0.001713873,77.00958252
12/1/1989,-3.099974871,286.0611877,0.004875227,78.6421051
1/1/1990,-1.686112404,286.6712646,0.005339647,77.58125305
2/1/1990,-4.200386047,287.6339417,0.002998689,74.67301941
3/1/1990,-5.135370255,286.0488281,0.002892603,74.9703598
4/1/1990,-6.144087791,284.1639709,0.004031257,81.61171722
5/1/1990,-1.790168643,281.3657837,0.004802146,88.5235672
6/1/1990,-6.332530499,279.8811646,0.005924297,89.72829437
7/1/1990,-3.904208422,279.085968,0.007525012,89.93164063
8/1/1990,-5.431649208,278.2537537,0.00468663,86.82198334
9/1/1990,-3.139118671,280.612915,0.00529014,79.67993164
10/1/1990,-3.085990667,282.4660339,0.005148693,78.30830383
11/1/1990,-0.314760983,283.8272095,0.006049242,79.31160736
12/1/1990,-2.13542366,285.1408081,0.005400941,79.10442352
1/1/1991,-6.819715977,286.7981873,0.003840302,77.61194611
2/1/1991,-3.037147045,284.8851318,0.001079717,76.28635406
3/1/1991,-2.610220671,284.2027588,0.004335369,76.42256165
4/1/1991,-5.790588856,282.5841675,0.004670128,81.74408722
5/1/1991,-5.481419563,281.06427,0.002093425,80.66788483
6/1/1991,-4.261597633,280.8791504,0.006148255,87.18455505
7/1/1991,-5.109472752,279.2975464,0.005924297,88.78638458
8/1/1991,-5.049794197,278.7386169,0.009922549,94.00815582
9/1/1991,-3.971469164,280.2514343,0.006251984,85.42541504
10/1/1991,-1.163196206,282.3179016,0.005059109,77.87667847
11/1/1991,-2.839710712,282.8292542,0.00736942,82.71477509
12/1/1991,-4.49104023,285.4193726,0.004165632,81.55800629
1/1/1992,-2.770364523,284.5325012,0.003701212,84.11901855
2/1/1992,-5.85410738,286.4508362,0.002916178,75.09121704
3/1/1992,-2.226516962,286.0170898,0.001817602,77.0114975
4/1/1992,-6.714668751,283.6226807,0.004526323,81.46592712
5/1/1992,-6.719861507,281.4504089,0.004429667,81.97045135
6/1/1992,-5.882097721,278.0262756,0.004231641,83.57228088
7/1/1992,-4.722918034,279.2411194,0.007218543,88.96670532
8/1/1992,-5.490083218,278.7386169,0.007829125,89.73980713
9/1/1992,-4.218287945,279.1723633,0.005886578,87.79459381
10/1/1992,-4.169652462,282.7287292,0.004375446,77.9956131
11/1/1992,-3.316715717,283.4551697,0.005259493,82.35987854
12/1/1992,-1.897481203,286.7417908,0.002986902,74.98187256
1/1/1993,-4.960417747,286.9304504,0.003939316,74.34114075
2/1/1993,-4.611895561,287.0785522,0.005101543,80.84053802
3/1/1993,-1.449265122,285.923645,0.002286736,82.3924942
4/1/1993,-2.025221348,284.2662354,0.002861956,76.99806976
5/1/1993,-3.276204348,281.5703125,0.004231641,89.23336029
6/1/1993,-5.119590282,279.4897461,0.005907795,90.28078461
7/1/1993,-2.766090155,280.4700928,0.005063824,85.64218903
8/1/1993,-3.413446426,280.8403625,0.00792578,84.83647919
9/1/1993,-3.212596178,281.1136475,0.003875664,76.82925415
10/1/1993,-1.200498223,281.6531982,0.006815417,84.95542145
11/1/1993,-1.893113494,282.7904358,0.005778134,82.65338898
12/1/1993,-5.090646267,284.9750671,0.00484458,81.47167969
1/1/1994,-4.612270355,284.9045105,0.006553739,80.98442078
2/1/1994,-0.565971732,287.1614075,0.002449401,77.47190094
3/1/1994,-2.40797472,285.3929443,0.001697371,74.09558868
4/1/1994,-3.579386711,283.6244507,0.00458526,83.0773468
5/1/1994,-5.512583733,280.7980347,0.009934336,88.60605621
6/1/1994,-4.138945103,279.4315491,0.004740852,81.43331146
7/1/1994,-3.389000177,279.7207336,0.006372214,83.90607452
8/1/1994,-2.648021936,278.6152039,0.00707238,92.24710083
9/1/1994,-4.954053402,278.9449158,0.007376492,88.02863312
10/1/1994,-4.599494457,282.0957642,0.005085041,78.41381836
11/1/1994,-3.123076916,282.3479004,0.006930932,84.1266861
12/1/1994,-1.902394772,286.7929077,0.001810529,68.43643188
1/1/1995,-1.710752726,287.9989319,0.003380598,78.67663574
2/1/1995,-2.332005739,287.8102722,0.002274949,73.36470032
3/1/1995,-3.482079983,284.4972229,0.00629206,87.20182037
4/1/1995,-5.024467468,281.6972656,0.00633921,84.08640289
5/1/1995,-5.69797945,280.9584961,0.003463109,82.2390213
6/1/1995,-4.237561226,279.255249,0.005110973,87.05986023
7/1/1995,-5.844499111,277.8252869,0.004821006,90.86204529
8/1/1995,-2.609638691,279.8071289,0.006817774,83.30371094
9/1/1995,-3.020238876,279.8652954,0.00474321,83.66819763
10/1/1995,-2.185527325,280.8756104,0.004481531,84.00007629
11/1/1995,-4.28110981,283.100769,0.005936084,77.37406921
12/1/1995,-3.600879192,283.2929688,0.004109053,84.50077057
1/1/1996,-5.24368,286.8934021,0.004719635,80.45303345
2/1/1996,-6.301793575,286.1652222,0.004406093,75.19480896
3/1/1996,-3.705922842,285.4564209,0.004651268,79.01042938
4/1/1996,-3.960034609,281.8136292,0.005688551,87.86173248
5/1/1996,-4.197368622,281.9053345,0.00295154,84.58133698
6/1/1996,-4.374132633,279.6061096,0.004663056,87.60659027
7/1/1996,-5.818447113,279.0771484,0.0048823,81.10527802
8/1/1996,-5.040152073,279.2323303,0.007235045,89.50193024
9/1/1996,-2.734021902,279.7312927,0.010021563,88.5427475
10/1/1996,-2.87883687,282.1362915,0.006112894,83.48595428
11/1/1996,-1.822811127,281.6337891,0.008555222,83.1636734
12/1/1996,-3.584693432,283.4269714,0.003840302,79.346138
1/1/1997,-2.659199238,288.1382446,0.003331091,72.64339447
2/1/1997,-0.429629922,288.7006836,0.001636077,71.02046204
3/1/1997,-3.113170624,284.2926941,0.004446169,84.27248383
4/1/1997,-3.553526402,282.7869263,0.004879942,79.04496002
5/1/1997,-5.635633945,281.1030579,0.005485809,88.36434174
6/1/1997,-5.0616045,279.4915161,0.002699292,77.87859344
7/1/1997,-3.738742828,278.4353638,0.005059109,87.94805908
8/1/1997,-3.577288866,279.2834473,0.006419363,89.11250305
9/1/1997,-6.095064163,280.8738403,0.002843097,80.58539581
10/1/1997,-3.264466524,282.0111084,0.007708894,79.11593628
11/1/1997,-4.490931988,283.435791,0.004632409,77.06904602
12/1/1997,-3.254583836,284.3173828,0.00542923,78.93753052
1/1/1998,-1.658900142,287.7185974,0.002772373,75.52093506
2/1/1998,-8.306305885,286.0752869,0.004960096,81.03813171
3/1/1998,-2.712313652,284.7546387,0.004033614,76.95970154
4/1/1998,-10.25531387,282.4589844,0.004561685,87.72553253
5/1/1998,-5.2431283,281.4415894,0.003781366,81.40261841
6/1/1998,-5.436163902,279.1741333,0.004281147,80.63143921
7/1/1998,-5.44264555,279.0348511,0.004500391,88.16099548
8/1/1998,-3.812290192,279.5144348,0.002883174,75.31758881
9/1/1998,-1.947260737,281.510376,0.007843269,84.80770874
10/1/1998,-2.566346884,280.8385925,0.007876274,87.62769318
11/1/1998,-1.222098112,283.4551697,0.004443812,74.96844482
12/1/1998,-2.205298424,286.1158447,0.006343925,77.92847443
1/1/1999,-1.642960668,288.1188354,0.00120702,72.52253723
2/1/1999,-1.972366571,288.4714661,0.006787127,82.03951263
3/1/1999,-3.772929907,285.3682556,0.003757791,85.24893188
4/1/1999,-3.470793009,282.1416016,0.002831309,85.38705444
5/1/1999,-6.073382378,282.7410889,0.005742772,88.70389557
6/1/1999,-3.742022276,280.099823,0.003043481,79.7317276
7/1/1999,-4.315623283,279.6484375,0.004726707,82.12583923
8/1/1999,-1.187777042,280.5829163,0.005304285,87.27279663
9/1/1999,-3.390578508,281.9317627,0.004014754,81.08609009
10/1/1999,-1.552678823,283.0055542,0.005705053,81.28559875
11/1/1999,-4.539245605,283.3299866,0.004219853,76.81006622
12/1/1999,-2.922280312,285.9271851,0.004495676,75.94680786
1/1/2000,-3.447633028,286.7029724,0.003158996,74.25673676
2/1/2000,-3.058495998,288.8840637,0.002258447,66.06150818
3/1/2000,-5.36530447,285.692688,0.002930323,80.00797272
4/1/2000,-4.113886833,283.1889343,0.003731859,75.36362457
5/1/2000,-3.195915699,281.6179199,0.006846064,92.58856964
6/1/2000,-4.410344601,280.1579895,0.003486683,89.3158493
7/1/2000,-4.950873375,279.6290283,0.004290577,85.58656311
8/1/2000,-3.923730373,279.6660767,0.00248712,79.99838257
9/1/2000,-3.317448139,280.6887207,0.008885266,87.76965332
10/1/2000,-4.067505836,282.078125,0.006428794,81.30286407
11/1/2000,-0.647826612,286.6218872,0.002701649,74.75167084
12/1/2000,-0.808118165,284.9891663,0.005822926,76.29019165
1/1/2001,-0.839728236,288.6072388,0.002343315,73.18820953
2/1/2001,-1.652090192,288.4855652,0.001768095,70.24736786
3/1/2001,-4.291135311,286.3168335,0.004981313,82.07788086
4/1/2001,-2.621191502,282.8627319,0.003361738,81.94934845
5/1/2001,-1.187406301,280.4806519,0.001369684,80.55854034
6/1/2001,-5.593904018,280.9020691,0.005723913,89.50001526
7/1/2001,-5.269097805,279.3381042,0.003048196,80.38972473
8/1/2001,-4.592885017,279.8141785,0.007970572,87.52793884
9/1/2001,-2.542517662,282.4360352,0.005103901,80.73886871
10/1/2001,-2.867146492,281.8929749,0.006987511,86.44598389
11/1/2001,-4.235305786,283.2224426,0.005342004,85.2642746
12/1/2001,-3.623238802,283.4551697,0.004736137,86.28292084
1/1/2002,-2.105589151,286.5830994,0.00440845,78.09729004
2/1/2002,-2.156240702,286.2516174,0.003340521,80.4626236
3/1/2002,-3.030213356,285.0473328,0.002722866,79.43438721
4/1/2002,-2.121305704,284.1622314,0.001629005,78.1030426
5/1/2002,-6.377275467,281.0730896,0.002659215,79.52646637
6/1/2002,-4.507660389,280.1826782,0.007770188,88.15332031
7/1/2002,-4.321076393,280.1315613,0.008152097,89.94315338
8/1/2002,-4.896862507,279.5232544,0.005631972,87.10590363
9/1/2002,-2.516584873,280.3343201,0.009795247,86.22729492
10/1/2002,-2.650390387,281.677887,0.00793521,84.38375092
11/1/2002,-0.514159679,284.0282288,0.003411245,73.73877716
12/1/2002,-3.18012023,285.8337402,0.004828078,81.24531555
1/1/2003,-3.153481245,287.559906,0.003116562,73.28796387
2/1/2003,-1.342521191,287.2724915,0.001562996,73.50857544
3/1/2003,-2.793631077,285.6785583,0.00295154,81.03045654
4/1/2003,-4.045669079,283.3476257,0.002722866,77.9092865
5/1/2003,-4.15718317,282.2879333,0.003250937,78.02439117
6/1/2003,-8.194180489,280.1139221,0.005393868,89.76474762
7/1/2003,-5.131458759,279.0965576,0.005870075,88.99164581
8/1/2003,-5.568463326,279.5831909,0.007878631,88.60030365
9/1/2003,-3.376351357,278.8655701,0.010731158,87.23442841
10/1/2003,-1.585000396,280.2884827,0.00469606,84.93815613
11/1/2003,-0.335613221,284.3738098,0.001400331,76.82350159
12/1/2003,-2.274365425,286.5354919,0.00352676,74.57134247
1/1/2004,-4.950287819,284.8146057,0.005719198,85.90884399
2/1/2004,-2.213687897,285.7649536,0.002593206,78.50589752
3/1/2004,-1.878456116,284.5078125,0.002472976,79.18691254
4/1/2004,-5.472091675,282.6952515,0.002484763,81.82082367
5/1/2004,-4.743478298,280.5494385,0.006577313,84.74248505
6/1/2004,-4.641626358,279.6378479,0.008816901,90.34984589
7/1/2004,-5.581892014,278.5393677,0.006195405,89.32352448
8/1/2004,-4.184419632,279.2799377,0.005452805,86.55725098
9/1/2004,-2.155534029,280.7151794,0.005733343,87.75814056
10/1/2004,-3.894955158,282.6635132,0.004622979,78.97013855
11/1/2004,-3.535788536,283.7302246,0.00590308,82.24094391
12/1/2004,-3.091896296,286.5971985,0.003514973,77.66949463
1/1/2005,-3.927291155,286.7400208,0.003701212,80.10772705
2/1/2005,-5.321903706,286.0611877,0.003288657,79.08524323
3/1/2005,-5.761946201,284.3931885,0.002072207,77.73855591
4/1/2005,-2.545125723,284.3420715,0.004061903,78.80899811
5/1/2005,-2.369523048,280.9849243,0.003736574,86.59753418
6/1/2005,-4.705762386,280.3977966,0.002102854,80.38013458
7/1/2005,-4.675688267,279.8829346,0.00619069,90.66062164
8/1/2005,-2.80971837,280.0645447,0.008086088,85.61725616
9/1/2005,-2.587613106,281.0942688,0.004021827,80.79450226
10/1/2005,-3.687312603,283.6103516,0.00738828,83.41689301
11/1/2005,-1.690465927,285.3100586,0.004887015,77.68100739
12/1/2005,-2.585483789,285.7843628,0.008668381,80.5700531
1/1/2006,-1.10157764,287.3077698,0.001586571,74.4581604
2/1/2006,-0.695742786,286.1228943,0.003092987,83.48403931
3/1/2006,-5.325267315,286.0153503,0.002892603,76.47819519
4/1/2006,-4.137498856,280.8791504,0.006541952,85.68439484
5/1/2006,-4.201123238,279.5003357,0.004764426,86.96585846
6/1/2006,-4.310045719,278.632843,0.002713436,87.25745392
7/1/2006,-4.800790787,278.974884,0.004031257,85.35443878
8/1/2006,-2.768731594,280.0715942,0.004210424,80.60458374
9/1/2006,-1.736468077,280.3255005,0.006355712,82.3924942
10/1/2006,-1.207817554,281.7818909,0.004868155,78.41573334
11/1/2006,-2.261295557,282.6617432,0.002621495,79.50727844
12/1/2006,-5.50880146,284.6911926,0.00294211,74.63848877
1/1/2007,-6.249718666,287.6939087,0.005375009,77.118927
2/1/2007,-1.702860475,290.4268494,0.001079717,67.1492157
3/1/2007,-3.658615589,285.6256714,0.003826158,79.16964722
4/1/2007,-4.412800312,283.8854065,0.00160543,69.6373291
5/1/2007,-3.826614141,283.1624756,0.009026715,84.7520752
6/1/2007,-5.007634163,277.2927856,0.002006199,80.06552124
7/1/2007,-6.517107964,278.4018555,0.003738932,83.46485901
8/1/2007,-2.587225914,280.2144165,0.007616953,86.94091797
9/1/2007,-2.259418249,280.8597412,0.006336852,81.28752136
10/1/2007,-3.19951725,281.4821472,0.008246395,84.19766998
11/1/2007,0.686493814,285.9306946,0.00073317,73.73493958
12/1/2007,-5.468260288,286.7364807,0.005377366,76.89064026
1/1/2008,-0.89140296,287.5757751,0.000968916,73.20355225
2/1/2008,-3.851675749,285.9977112,0.003762506,76.87337494
3/1/2008,-5.058001518,286.2128296,0.002946825,67.40052032
4/1/2008,-3.154607296,283.0320129,0.003760149,82.62269592
5/1/2008,-4.923055649,281.5826721,0.003753076,87.43777466
6/1/2008,-5.308683872,280.9002991,0.005367937,85.69207001
7/1/2008,-5.605424881,278.4565125,0.004033614,84.39142609
8/1/2008,-4.570346832,278.8373718,0.005301928,89.36764526
9/1/2008,-3.543117285,280.2584839,0.007468433,86.59945679
10/1/2008,-3.954710007,282.5506592,0.003423032,80.03291321
11/1/2008,-3.081278086,283.7020264,0.005082684,81.89372253
12/1/2008,-5.229699612,283.7954712,0.005940799,83.83318329
1/1/2009,-1.94179666,286.3961792,0.003295729,73.9056778
2/1/2009,-0.060903773,287.4029846,0.002171221,75.40775299
3/1/2009,-6.255440712,285.7861328,0.003776651,82.19490051
4/1/2009,-5.86632061,282.9121094,0.004809218,83.97130585
5/1/2009,-4.170473099,281.3075867,0.005033177,79.79695129
6/1/2009,-5.043718338,280.1579895,0.003616344,82.34645081
7/1/2009,-4.187106609,278.9272766,0.006907358,87.29198456
8/1/2009,-3.676845074,280.4066162,0.011459613,89.97000885
9/1/2009,-3.466460228,281.0219727,0.006704616,86.57835388
10/1/2009,-4.386633873,282.1063232,0.002142931,78.67279816
11/1/2009,-2.579992771,286.5795593,0.003812013,70.38356781
12/1/2009,-3.73364377,285.5198669,0.004535753,77.01533508
1/1/2010,-5.069675922,286.4684753,0.002058062,77.38749695
2/1/2010,-3.166419744,288.7147827,0.003316946,72.44004822
3/1/2010,-3.640659332,286.8158264,0.004460314,77.51219177
4/1/2010,-2.849977016,284.4672546,0.00556832,85.70933533
5/1/2010,-5.642321587,281.0836792,0.003192001,83.50705719
6/1/2010,-5.960414886,279.364563,0.004300007,89.22568512
7/1/2010,-4.936610699,279.6554871,0.003771936,88.33940125
8/1/2010,-7.127245426,278.8920288,0.006947435,88.66360474
9/1/2010,-6.587944984,279.6290283,0.007626383,90.14266205
10/1/2010,-1.553767204,282.3672791,0.005523529,80.42617798
11/1/2010,-1.734495401,284.4725342,0.00517934,80.77915192
12/1/2010,-5.384571552,285.1178589,0.00514162,84.05187225
1/1/2011,-2.634427071,287.6286621,0.004118483,78.39271545
2/1/2011,-5.199458122,285.8531189,0.003272154,84.85182953
3/1/2011,-5.273719311,285.1742859,0.003986465,82.02416992
4/1/2011,-1.892779708,283.3652649,0.003213218,78.10879517
5/1/2011,-5.93948555,280.2003174,0.002527197,85.0052948
6/1/2011,-5.666642666,279.7771606,0.006513662,79.99645996
7/1/2011,-4.062199593,278.6663208,0.005851216,83.92910004
8/1/2011,-3.101600885,281.5209351,0.004759712,85.37554169
9/1/2011,-1.577915788,281.0184326,0.006716404,84.1938324
10/1/2011,-4.162864685,282.3619995,0.005370294,75.55354309
11/1/2011,-6.485857487,284.5342407,0.007154891,80.38013458
12/1/2011,-1.577097535,286.5760498,0.001803457,77.02876282
1/1/2012,-2.574458599,287.7221069,0.003232078,74.10326385
2/1/2012,-2.195478439,288.1717224,0.002501265,75.73387146
3/1/2012,-5.265292645,285.6062927,0.005066182,80.74845886
4/1/2012,-5.936532974,284.1569214,0.003951103,82.72628784
5/1/2012,-4.81137085,281.2124023,0.00602331,90.92151642
6/1/2012,-4.986097336,279.2711182,0.004300007,87.69675446
7/1/2012,-4.736098766,279.0419006,0.003562122,88.75569153
8/1/2012,-4.422424316,279.1177063,0.006838991,90.78339386
9/1/2012,-4.514146805,280.9126587,0.0080743,85.49447632
10/1/2012,-3.434104919,281.9158936,0.004653626,79.73940277
11/1/2012,-2.415875673,284.9345093,0.003611629,72.52637482
12/1/2012,-2.557333231,285.1055298,0.004736137,80.1844635
1/1/2013,-2.984794855,286.5636902,0.002595563,74.55407715
2/1/2013,-2.609374523,288.571991,0.001174015,74.39868927
3/1/2013,-1.717797756,287.9442749,0.004099623,73.55844879
4/1/2013,-3.057457685,282.6617432,0.004644196,83.8274231
5/1/2013,-6.577906132,281.5315247,0.003142494,80.35903168
6/1/2013,-5.307669163,279.1071167,0.001966122,82.13926697
7/1/2013,-4.526047707,280.2338257,0.005954944,88.5638504
8/1/2013,-6.650402546,279.9252625,0.011370029,91.30135345
9/1/2013,-2.701202869,282.0904541,0.008010649,80.21131897
10/1/2013,-2.273039341,281.7572021,0.007789048,87.10590363
11/1/2013,-5.431303024,284.0440979,0.004391948,76.46476746
12/1/2013,-3.193284035,285.47229,0.004962453,77.5447998
